{
	"carName": "porsche_991_gt3_r",
	"basicSetup":
	{
		"tyres":
		{
			"tyreCompound": 0,
			"tyrePressure": [ 51, 55, 51, 58 ]
		},
		"alignment":
		{
			"camber": [ 32, 32, 12, 12 ],
			"toe": [ 35, 35, 60, 60 ],
			"staticCamber": [ -3.5209803581237793, -3.486339807510376, -3.9463157653808594, -3.9206717014312744 ],
			"toeOutLinear": [ 0.00043175535392947495, 0.00041301420424133539, -0.00080186023842543364, -0.00080245808931067586 ],
			"casterLF": 0,
			"casterRF": 0,
			"steerRatio": 3
		},
		"electronics":
		{
			"tC1": 8,
			"tC2": 0,
			"abs": 11,
			"eCUMap": 7,
			"fuelMix": 0,
			"telemetryLaps": 0
		},
		"strategy":
		{
			"fuel": 6,
			"nPitStops": 0,
			"tyreSet": 4,
			"pitStrategy": [
				{
					"fuelToAdd": 0,
					"tyres":
					{
						"tyreCompound": 0,
						"tyrePressure": [ 0, 0, 0, 0 ]
					},
					"tyreSet": 0
				}
			],
			"fuelPerLap": 2.7997255325317383
		}
	},
	"advancedSetup":
	{
		"mechanicalBalance":
		{
			"aRBFront": 3,
			"aRBRear": 1,
			"wheelRate": [ 4, 4, 2, 2 ],
			"bumpStopRateUp": [ 10, 10, 5, 5 ],
			"bumpStopRateDn": [ 0, 0, 10, 10 ],
			"bumpStopWindow": [ 10, 10, 40, 40 ],
			"brakeTorque": 20,
			"brakeBias": 57
		},
		"dampers":
		{
			"bumpSlow": [ 5, 5, 5, 5 ],
			"bumpFast": [ 5, 5, 8, 8 ],
			"reboundSlow": [ 5, 5, 5, 5 ],
			"reboundFast": [ 7, 7, 10, 10 ]
		},
		"aeroBalance":
		{
			"rideHeight": [ 0, 11, 12, 18 ],
			"rodLength": [ 26.196266174316406, 26.196266174316406, 26.274724960327148, 26.274724960327148 ],
			"splitter": 0,
			"rearWing": 12,
			"brakeDuct": [ 4, 2 ]
		},
		"drivetrain":
		{
			"preload": 10
		}
	}
}
